insert into wheel_category(name)
values ('1_PIECE'),
       ('2_PIECE'),
       ('3_PIECE'),
       ('MONOBLOCK'),
       ('CARBON');

insert into wheel(id,
                  name,
                  brand,
                  category,
                  width,
                  height,
                  color,
                  featured,
                  amount_stocked,
                  is_deleted,
                  price,
                  description_text)
values (1,
        'C00-R',
        'AL13',
        4,
        300.0,
        22,
        'Black',
        false,
        24,
        false,
        5500,
        'Monoblock limo wheels in black'),
       (2,
        'C020',
        'AL13',
        4,
        300.0,
        22,
        'Silver',
        true,
        12,
        false,
        5000,
        'Monoblock silver wheels'),
       (3,
        'C020',
        'AL13',
        4,
        295.0,
        22,
        'Silver',
        true,
        12,
        false,
        5000,
        'Monoblock silver wheels'),
       (4,
        'C020',
        'AL13',
        4,
        325.0,
        22,
        'Silver',
        true,
        12,
        false,
        5000,
        'Monoblock silver wheels'),
       (5,
        'C020',
        'AL13',
        4,
        300.0,
        21,
        'Silver',
        true,
        12,
        false,
        5000,
        'Monoblock silver wheels'),
       (6,
        'C020',
        'AL13',
        4,
        295.0,
        21,
        'Silver',
        true,
        12,
        false,
        5000,
        'Monoblock silver wheels'),
       (7,
        'C020',
        'AL13',
        4,
        325.0,
        21,
        'Silver',
        true,
        12,
        false,
        5000,
        'Monoblock silver wheels'),
       (8,
        'C020',
        'AL13',
        4,
        300.0,
        20,
        'Silver',
        true,
        12,
        false,
        5000,
        'Monoblock silver wheels'),
       (9,
        'C020',
        'AL13',
        4,
        295.0,
        20,
        'Silver',
        true,
        12,
        false,
        5000,
        'Monoblock silver wheels'),
       (10,
        'C020',
        'AL13',
        4,
        325.0,
        20,
        'Silver',
        true,
        12,
        false,
        5000,
        'Monoblock silver wheels'),
       (11,
        'C025',
        'AL13',
        3,
        300.0,
        22,
        'Matte black',
        false,
        40,
        false,
        4800,
        'Matte black limo wheels'),
       (12,
        'CF-C005R',
        'AL13',
        5,
        300.0,
        22,
        'Carbon Fiber',
        false,
        8,
        false,
        8000,
        'Carbon Fiber JDM nismo tribute wheels'),
       (13,
        'CF-R80',
        'AL13',
        5,
        300.0,
        22,
        'Carbon Fiber',
        true,
        12,
        false,
        8500,
        'Carbon Fiber ultra light wheels'),
       (14,
        'LUX03',
        'AL13',
        3,
        300.0,
        22,
        'White',
        true,
        24,
        false,
        3500,
        'Swiss spec white limo wheels'),
       (15,
        'LUX08',
        'AL13',
        3,
        300.0,
        22,
        'Chrome',
        false,
        24,
        false,
        3500,
        'Swiss spec chrome limo wheels'),
       (16,
        'R78',
        'AL13',
        1,
        300.0,
        22,
        'Bronze',
        false,
        40,
        false,
        4000,
        'Good looking bronze wheels'),
       (17,
        'R190',
        'AL13',
        2,
        300.0,
        22,
        'White',
        false,
        12,
        false,
        5500,
        '5 spoke white wheels'),
       (18,
        'S025',
        'AL13',
        1,
        300.0,
        22,
        'Siler',
        false,
        400,
        false,
        1500,
        'Cheapest once');

update wheel
set featured = true
where
    (name = 'C020' and width = 300 and height = 22)
    or name = 'CF-R80'
    or name = 'LUX03';

insert into wheel_image(wheel_id, image_order, image_path)
values (1, 1, 'wheel_images\C00-R_1.jpg'),
       (1, 2, 'wheel_images\C00-R_2.jpg'),
       (1, 3, 'wheel_images\C00-R_3.jpg'),
       (1, 4, 'wheel_images\C00-R_4.jpg'),
       (1, 5, 'wheel_images\C00-R_5.jpg'),
       (2, 1, 'wheel_images\C020_1.jpg'),
       (2, 2, 'wheel_images\C020_2.jpg'),
       (2, 3, 'wheel_images\C020_3.jpg'),
       (2, 4, 'wheel_images\C020_4.jpg'),
       (2, 5, 'wheel_images\C020_5.jpg'),
       (2, 6, 'wheel_images\C020_6.jpg'),
       (3, 1, 'wheel_images\C020_1.jpg'),
       (3, 2, 'wheel_images\C020_2.jpg'),
       (3, 3, 'wheel_images\C020_3.jpg'),
       (3, 4, 'wheel_images\C020_4.jpg'),
       (3, 5, 'wheel_images\C020_5.jpg'),
       (3, 6, 'wheel_images\C020_6.jpg'),
       (4, 1, 'wheel_images\C020_1.jpg'),
       (4, 2, 'wheel_images\C020_2.jpg'),
       (4, 3, 'wheel_images\C020_3.jpg'),
       (4, 4, 'wheel_images\C020_4.jpg'),
       (4, 5, 'wheel_images\C020_5.jpg'),
       (4, 6, 'wheel_images\C020_6.jpg'),
       (5, 1, 'wheel_images\C020_1.jpg'),
       (5, 2, 'wheel_images\C020_2.jpg'),
       (5, 3, 'wheel_images\C020_3.jpg'),
       (5, 4, 'wheel_images\C020_4.jpg'),
       (5, 5, 'wheel_images\C020_5.jpg'),
       (5, 6, 'wheel_images\C020_6.jpg'),
       (6, 1, 'wheel_images\C020_1.jpg'),
       (6, 2, 'wheel_images\C020_2.jpg'),
       (6, 3, 'wheel_images\C020_3.jpg'),
       (6, 4, 'wheel_images\C020_4.jpg'),
       (6, 5, 'wheel_images\C020_5.jpg'),
       (6, 6, 'wheel_images\C020_6.jpg'),
       (7, 1, 'wheel_images\C020_1.jpg'),
       (7, 2, 'wheel_images\C020_2.jpg'),
       (7, 3, 'wheel_images\C020_3.jpg'),
       (7, 4, 'wheel_images\C020_4.jpg'),
       (7, 5, 'wheel_images\C020_5.jpg'),
       (7, 6, 'wheel_images\C020_6.jpg'),
       (8, 1, 'wheel_images\C020_1.jpg'),
       (8, 2, 'wheel_images\C020_2.jpg'),
       (8, 3, 'wheel_images\C020_3.jpg'),
       (8, 4, 'wheel_images\C020_4.jpg'),
       (8, 5, 'wheel_images\C020_5.jpg'),
       (8, 6, 'wheel_images\C020_6.jpg'),
       (9, 1, 'wheel_images\C020_1.jpg'),
       (9, 2, 'wheel_images\C020_2.jpg'),
       (9, 3, 'wheel_images\C020_3.jpg'),
       (9, 4, 'wheel_images\C020_4.jpg'),
       (9, 5, 'wheel_images\C020_5.jpg'),
       (9, 6, 'wheel_images\C020_6.jpg'),
       (10, 1, 'wheel_images\C020_1.jpg'),
       (10, 2, 'wheel_images\C020_2.jpg'),
       (10, 3, 'wheel_images\C020_3.jpg'),
       (10, 4, 'wheel_images\C020_4.jpg'),
       (10, 5, 'wheel_images\C020_5.jpg'),
       (10, 6, 'wheel_images\C020_6.jpg'),
       (11, 1, 'wheel_images\C025_1.jpg'),
       (11, 2, 'wheel_images\C025_2.jpg'),
       (11, 3, 'wheel_images\C025_3.jpg'),
       (11, 4, 'wheel_images\C025_4.jpg'),
       (11, 5, 'wheel_images\C025_5.jpg'),
       (12, 1, 'wheel_images\CF-C005R_1.jpg'),
       (12, 2, 'wheel_images\CF-C005R_2.jpg'),
       (12, 3, 'wheel_images\CF-C005R_3.jpg'),
       (12, 4, 'wheel_images\CF-C005R_4.jpg'),
       (12, 5, 'wheel_images\CF-C005R_5.jpg'),
       (13, 1, 'wheel_images\CF-R80_1.jpg'),
       (13, 2, 'wheel_images\CF-R80_2.jpg'),
       (13, 3, 'wheel_images\CF-R80_3.jpg'),
       (13, 4, 'wheel_images\CF-R80_4.jpg'),
       (13, 5, 'wheel_images\CF-R80_5.jpg'),
       (13, 6, 'wheel_images\CF-R80_6.jpg'),
       (14, 1, 'wheel_images\LUX03_1.jpg'),
       (14, 2, 'wheel_images\LUX03_2.jpg'),
       (14, 3, 'wheel_images\LUX03_3.jpg'),
       (14, 4, 'wheel_images\LUX03_4.jpg'),
       (14, 5, 'wheel_images\LUX03_5.jpg'),
       (15, 1, 'wheel_images\LUX08_1.jpg'),
       (15, 2, 'wheel_images\LUX08_2.jpg'),
       (15, 3, 'wheel_images\LUX08_3.jpg'),
       (15, 4, 'wheel_images\LUX08_4.jpg'),
       (15, 5, 'wheel_images\LUX08_5.jpg'),
       (16, 1, 'wheel_images\R78_1.jpg'),
       (16, 2, 'wheel_images\R78_2.jpg'),
       (16, 3, 'wheel_images\R78_3.jpg'),
       (16, 4, 'wheel_images\R78_4.jpg'),
       (16, 5, 'wheel_images\R78_5.jpg'),
       (17, 1, 'wheel_images\R190_1.jpg'),
       (17, 2, 'wheel_images\R190_2.jpg'),
       (17, 3, 'wheel_images\R190_3.jpg'),
       (17, 4, 'wheel_images\R190_4.jpg'),
       (17, 5, 'wheel_images\R190_5.jpg'),
       (18, 1, 'wheel_images\S025_1.jpg'),
       (18, 2, 'wheel_images\S025_2.jpg'),
       (18, 3, 'wheel_images\S025_3.jpg'),
       (18, 4, 'wheel_images\S025_4.jpg'),
       (18, 5, 'wheel_images\S025_5.jpg'),
       (18, 6, 'wheel_images\S025_6.jpg');
